.((((..................)))),-2.30,9.303,X1,UGGUCUGUUCAUUCUCUCUUUUUGGCC
.((((..................)))),-2.30,7.496,X1
.((((..................)))),-2.30,15.846,X1
.((((..................)))),-2.30,111.788,X1
.((((..................)))),-2.30,44.359,X1
.((((..................)))),-2.30,124.211,X1
.((((..................)))),-2.30,339.271,X1
.((((..................)))),-2.30,28.300,X1
.((((..................)))),-2.30,22.623,X1
.((((..................)))),-2.30,255.382,X1
.((((..................)))),-2.30,364.024,X1
.((((..................)))),-2.30,45.124,X1
.((((..................)))),-2.30,13.040,X1
.((((..................)))),-2.30,46.453,X1
.((((..................)))),-2.30,117.431,X1
.((((..................)))),-2.30,117.573,X1
.((((..................)))),-2.30,375.885,X1
.((((..................)))),-2.30,88.100,X1
.((((..................)))),-2.30,55.244,X1
.((((..................)))),-2.30,80.850,X1
.((((..................)))),-2.30,488.659,X1
.((((..................)))),-2.30,65.281,X1
.((((..................)))),-2.30,222.119,X1
.((((..................)))),-2.30,39.783,X1
.((((..................)))),-2.30,107.829,X1
.((((..................)))),-2.30,30.935,X1
.((((..................)))),-2.30,65.122,X1
.((((..................)))),-2.30,280.439,X1
.((((..................)))),-2.30,98.347,X1
.((((..................)))),-2.30,486.150,X1
.((((..................)))),-2.30,282.215,X1
.((((..................)))),-2.30,174.759,X1
.((((..................)))),-2.30,196.665,X1
.((((..................)))),-2.30,186.183,X1
.((((..................)))),-2.30,70.825,X1
.((((..................)))),-2.30,96.857,X1
.((((..................)))),-2.30,123.944,X1
.((((..................)))),-2.30,17.927,X1
.((((..................)))),-2.30,53.120,X1
.((((..................)))),-2.30,145.453,X1
.((((..................)))),-2.30,96.300,X1
.((((..................)))),-2.30,50.613,X1
.((((..................)))),-2.30,444.915,X1
.((((..................)))),-2.30,475.829,X1
.((((..................)))),-2.30,27.537,X1
.((((..................)))),-2.30,70.252,X1
.((((..................)))),-2.30,110.510,X1
.((((..................)))),-2.30,128.309,X1
.((((..................)))),-2.30,232.168,X1
.((((..................)))),-2.30,82.836,X1
.((((..................)))),-2.30,70.355,X1
.((((..................)))),-2.30,112.106,X1
.((((..................)))),-2.30,69.888,X1
.((((..................)))),-2.30,93.257,X1
.((((..................)))),-2.30,140.040,X1
.((((..................)))),-2.30,240.856,X1
.((((..................)))),-2.30,81.450,X1
.((((..................)))),-2.30,53.789,X1
.((((..................)))),-2.30,72.597,X1
.((((..................)))),-2.30,301.267,X1
.((((..................)))),-2.30,62.606,X1
.((((..................)))),-2.30,198.907,X1
.((((..................)))),-2.30,59.226,X1
.((((..................)))),-2.30,128.202,X1
.((((..................)))),-2.30,40.307,X1
.((((..................)))),-2.30,45.063,X1
.((((..................)))),-2.30,138.500,X1
.((((..................)))),-2.30,72.558,X1
.((((..................)))),-2.30,143.705,X1
.((((..................)))),-2.30,264.760,X1
.((((..................)))),-2.30,235.504,X1
.((((..................)))),-2.30,134.090,X1
.((((..................)))),-2.30,233.343,X1
.((((..................)))),-2.30,113.055,X1
.((((..................)))),-2.30,296.301,X1
.((((..................)))),-2.30,375.978,X1
.((((..................)))),-2.30,104.302,X1
.((((..................)))),-2.30,187.055,X1
.((((..................)))),-2.30,523.333,X1
.((((..................)))),-2.30,47.689,X1
.((((..................)))),-2.30,142.239,X1
.((((..................)))),-2.30,136.196,X1
.((((..................)))),-2.30,178.886,X1
.((((..................)))),-2.30,246.097,X1
.((((..................)))),-2.30,324.710,X1
.((((..................)))),-2.30,28.229,X1
.((((..................)))),-2.30,18.101,X1
.((((..................)))),-2.30,61.424,X1
.((((..................)))),-2.30,218.872,X1
.((((..................)))),-2.30,12.099,X1
.((((..................)))),-2.30,191.916,X1
.((((..................)))),-2.30,474.521,X1
.((((..................)))),-2.30,15.360,X1
.((((..................)))),-2.30,294.900,X1
.((((..................)))),-2.30,465.055,X1
.((((..................)))),-2.30,191.181,X1
.((((..................)))),-2.30,69.915,X1
.((((..................)))),-2.30,88.121,X1
.((((..................)))),-2.30,142.167,X1
.((((..................)))),-2.30,31.880,X1
.((((..................)))),-2.30,550.750,X1
.((((..................)))),-2.30,242.539,X1
.((((..................)))),-2.30,285.945,X1
.((((..................)))),-2.30,13.162,X1
.((((..................)))),-2.30,264.078,X1
.((((..................)))),-2.30,105.518,X1
.((((..................)))),-2.30,222.142,X1
.((((..................)))),-2.30,43.058,X1
.((((..................)))),-2.30,197.080,X1
.((((..................)))),-2.30,38.180,X1
.((((..................)))),-2.30,324.713,X1
.((((..................)))),-2.30,29.133,X1
.((((..................)))),-2.30,109.787,X1
.((((..................)))),-2.30,77.200,X1
.((((..................)))),-2.30,492.868,X1
.((((..................)))),-2.30,113.177,X1
.((((..................)))),-2.30,11.039,X1
.((((..................)))),-2.30,89.130,X1
.((((..................)))),-2.30,346.619,X1
.((((..................)))),-2.30,211.657,X1
.((((..................)))),-2.30,504.451,X1
.((((..................)))),-2.30,33.527,X1
.((((..................)))),-2.30,386.306,X1
.((((..................)))),-2.30,286.226,X1
.((((..................)))),-2.30,10.564,X1
.((((..................)))),-2.30,205.685,X1
.((((..................)))),-2.30,22.549,X1
.((((..................)))),-2.30,191.263,X1
.((((..................)))),-2.30,256.012,X1
.((((..................)))),-2.30,553.968,X1
.((((..................)))),-2.30,8.042,X1
.((((..................)))),-2.30,117.539,X1
.((((..................)))),-2.30,154.394,X1
.((((..................)))),-2.30,283.000,X1
.((((..................)))),-2.30,211.771,X1
.((((..................)))),-2.30,114.692,X1
.((((..................)))),-2.30,50.750,X1
.((((..................)))),-2.30,198.804,X1
.((((..................)))),-2.30,173.335,X1
.((((..................)))),-2.30,188.102,X1
.((((..................)))),-2.30,1.238,X1
.((((..................)))),-2.30,86.885,X1
.((((..................)))),-2.30,315.604,X1
.((((..................)))),-2.30,206.964,X1
.((((..................)))),-2.30,57.436,X1
.((((..................)))),-2.30,71.399,X1
.((((..................)))),-2.30,40.670,X1
.((((..................)))),-2.30,128.082,X1
.((((..................)))),-2.30,7.732,X1
.((((..................)))),-2.30,148.904,X1
.((((..................)))),-2.30,97.492,X1
.((((..................)))),-2.30,112.490,X1
.((((..................)))),-2.30,193.209,X1
.((((..................)))),-2.30,174.808,X1
.((((..................)))),-2.30,229.817,X1
.((((..................)))),-2.30,90.305,X1
.((((..................)))),-2.30,156.754,X1
.((((..................)))),-2.30,193.413,X1
.((((..................)))),-2.30,256.351,X1
.((((..................)))),-2.30,19.070,X1
.((((..................)))),-2.30,108.288,X1
.((((..................)))),-2.30,118.138,X1
.((((..................)))),-2.30,444.932,X1
.((((..................)))),-2.30,286.979,X1
.((((..................)))),-2.30,92.249,X1
.((((..................)))),-2.30,378.277,X1
.((((..................)))),-2.30,316.302,X1
.((((..................)))),-2.30,128.729,X1
.((((..................)))),-2.30,51.743,X1
.((((..................)))),-2.30,79.112,X1
.((((..................)))),-2.30,156.253,X1
.((((..................)))),-2.30,257.588,X1
.((((..................)))),-2.30,115.043,X1
.((((..................)))),-2.30,198.459,X1
.((((..................)))),-2.30,27.331,X1
.((((..................)))),-2.30,117.193,X1
.((((..................)))),-2.30,5.590,X1
.((((..................)))),-2.30,32.912,X1
.((((..................)))),-2.30,128.064,X1
.((((..................)))),-2.30,88.918,X1
.((((..................)))),-2.30,118.002,X1
.((((..................)))),-2.30,11.794,X1
.((((..................)))),-2.30,246.883,X1
.((((..................)))),-2.30,50.377,X1
.((((..................)))),-2.30,174.475,X1
.((((..................)))),-2.30,107.659,X1
.((((..................)))),-2.30,98.240,X1
.((((..................)))),-2.30,52.941,X1
.((((..................)))),-2.30,678.612,X1
.((((..................)))),-2.30,503.048,X1
.((((..................)))),-2.30,203.297,X1
.((((..................)))),-2.30,129.173,X1
.((((..................)))),-2.30,213.880,X1
.((((..................)))),-2.30,175.781,X1
.((((..................)))),-2.30,132.821,X1
.((((..................)))),-2.30,279.047,X1
.((((..................)))),-2.30,217.852,X1
.((((..................)))),-2.30,81.128,X1
.((((..................)))),-2.30,57.674,X1
.((((..................)))),-2.30,357.450,X1
.((((..................)))),-2.30,180.759,X1
.((((..................)))),-2.30,293.303,X1
.((((..................)))),-2.30,182.868,X1
.((((..................)))),-2.30,79.024,X1
.((((..................)))),-2.30,58.322,X1
.((((..................)))),-2.30,135.763,X1
.((((..................)))),-2.30,65.226,X1
.((((..................)))),-2.30,55.650,X1
.((((..................)))),-2.30,76.167,X1
.((((..................)))),-2.30,329.152,X1
.((((..................)))),-2.30,92.107,X1
.((((..................)))),-2.30,110.734,X1
.((((..................)))),-2.30,6.237,X1
.((((..................)))),-2.30,97.417,X1
.((((..................)))),-2.30,26.991,X1
.((((..................)))),-2.30,52.841,X1
.((((..................)))),-2.30,67.251,X1
.((((..................)))),-2.30,55.050,X1
.((((..................)))),-2.30,37.637,X1
.((((..................)))),-2.30,102.976,X1
.((((..................)))),-2.30,130.282,X1
.((((..................)))),-2.30,19.563,X1
.((((..................)))),-2.30,110.963,X1
.((((..................)))),-2.30,58.303,X1
.((((..................)))),-2.30,167.298,X1
.((((..................)))),-2.30,20.756,X1
.((((..................)))),-2.30,92.511,X1
.((((..................)))),-2.30,12.681,X1
.((((..................)))),-2.30,13.046,X1
.((((..................)))),-2.30,250.192,X1
.((((..................)))),-2.30,10.839,X1
.((((..................)))),-2.30,410.325,X1
.((((..................)))),-2.30,182.208,X1
.((((..................)))),-2.30,6.462,X1
.((((..................)))),-2.30,366.721,X1
.((((..................)))),-2.30,123.296,X1
.((((..................)))),-2.30,140.350,X1
.((((..................)))),-2.30,12.227,X1
.((((..................)))),-2.30,128.474,X1
.((((..................)))),-2.30,102.439,X1
.((((..................)))),-2.30,185.208,X1
.((((..................)))),-2.30,175.767,X1
.((((..................)))),-2.30,18.051,X1
.((((..................)))),-2.30,204.558,X1
.((((..................)))),-2.30,242.922,X1
.((((..................)))),-2.30,66.892,X1
.((((..................)))),-2.30,323.898,X1
.((((..................)))),-2.30,136.602,X1
.((((..................)))),-2.30,16.580,X1
.((((..................)))),-2.30,7.887,X1
.((((..................)))),-2.30,42.894,X1
.((((..................)))),-2.30,123.048,X1
.((((..................)))),-2.30,12.883,X1
.((((..................)))),-2.30,23.795,X1
.((((..................)))),-2.30,300.826,X1
.((((..................)))),-2.30,40.333,X1
.((((..................)))),-2.30,22.243,X1
.((((..................)))),-2.30,14.281,X1
.((((..................)))),-2.30,13.260,X1
.((((..................)))),-2.30,53.987,X1
.((((..................)))),-2.30,35.109,X1
.((((..................)))),-2.30,24.089,X1
.((((..................)))),-2.30,200.928,X1
.((((..................)))),-2.30,113.899,X1
.((((..................)))),-2.30,7.891,X1
.((((..................)))),-2.30,184.270,X1
.((((..................)))),-2.30,23.731,X1
.((((..................)))),-2.30,306.934,X1
.((((..................)))),-2.30,252.049,X1
.((((..................)))),-2.30,118.679,X1
.((((..................)))),-2.30,45.727,X1
.((((..................)))),-2.30,156.173,X1
.((((..................)))),-2.30,184.113,X1
.((((..................)))),-2.30,132.682,X1
.((((..................)))),-2.30,156.424,X1
.((((..................)))),-2.30,140.189,X1
.((((..................)))),-2.30,78.582,X1
.((((..................)))),-2.30,32.728,X1
.((((..................)))),-2.30,36.884,X1
.((((..................)))),-2.30,200.432,X1
.((((..................)))),-2.30,136.356,X1
.((((..................)))),-2.30,373.623,X1
.((((..................)))),-2.30,97.784,X1
.((((..................)))),-2.30,297.924,X1
.((((..................)))),-2.30,28.269,X1
.((((..................)))),-2.30,59.843,X1
.((((..................)))),-2.30,226.965,X1
.((((..................)))),-2.30,42.254,X1
.((((..................)))),-2.30,10.281,X1
.((((..................)))),-2.30,340.158,X1
.((((..................)))),-2.30,22.282,X1
.((((..................)))),-2.30,46.027,X1
.((((..................)))),-2.30,706.277,X1
.((((..................)))),-2.30,370.173,X1
.((((..................)))),-2.30,94.588,X1
.((((..................)))),-2.30,170.649,X1
.((((..................)))),-2.30,682.312,X1
.((((..................)))),-2.30,503.534,X1
.((((..................)))),-2.30,43.019,X1
.((((..................)))),-2.30,157.611,X1
.((((..................)))),-2.30,43.796,X1
.((((..................)))),-2.30,312.264,X1
.((((..................)))),-2.30,258.210,X1
.((((..................)))),-2.30,7.355,X1
.((((..................)))),-2.30,52.684,X1
.((((..................)))),-2.30,9.709,X1
.((((..................)))),-2.30,31.864,X1
.((((..................)))),-2.30,412.796,X1
.((((..................)))),-2.30,40.019,X1
.((((..................)))),-2.30,83.326,X1
.((((..................)))),-2.30,37.568,X1
.((((..................)))),-2.30,35.985,X1
.((((..................)))),-2.30,9.239,X1
.((((..................)))),-2.30,75.661,X1
.((((..................)))),-2.30,168.831,X1
.((((..................)))),-2.30,9.709,X1
.((((..................)))),-2.30,152.154,X1
.((((..................)))),-2.30,170.601,X1
.((((..................)))),-2.30,27.294,X1
.((((..................)))),-2.30,145.404,X1
.((((..................)))),-2.30,261.190,X1
.((((..................)))),-2.30,171.076,X1
.((((..................)))),-2.30,91.661,X1
.((((..................)))),-2.30,46.846,X1
.((((..................)))),-2.30,28.625,X1
.((((..................)))),-2.30,102.479,X1
.((((..................)))),-2.30,59.732,X1
.((((..................)))),-2.30,1.827,X1
.((((..................)))),-2.30,68.288,X1
.((((..................)))),-2.30,16.272,X1
.((((..................)))),-2.30,159.164,X1
.((((..................)))),-2.30,16.071,X1
.((((..................)))),-2.30,8.370,X1
.((((..................)))),-2.30,169.688,X1
.((((..................)))),-2.30,197.747,X1
.((((..................)))),-2.30,69.349,X1
.((((..................)))),-2.30,275.196,X1
.((((..................)))),-2.30,14.042,X1
.((((..................)))),-2.30,102.317,X1
.((((..................)))),-2.30,152.997,X1
.((((..................)))),-2.30,206.483,X1
.((((..................)))),-2.30,79.638,X1
.((((..................)))),-2.30,134.475,X1
.((((..................)))),-2.30,292.603,X1
.((((..................)))),-2.30,68.134,X1
.((((..................)))),-2.30,639.789,X1
.((((..................)))),-2.30,128.537,X1
.((((..................)))),-2.30,48.058,X1
.((((..................)))),-2.30,21.979,X1
.((((..................)))),-2.30,301.626,X1
.((((..................)))),-2.30,69.676,X1
.((((..................)))),-2.30,168.557,X1
.((((..................)))),-2.30,195.831,X1
.((((..................)))),-2.30,57.627,X1
.((((..................)))),-2.30,158.283,X1
.((((..................)))),-2.30,88.507,X1
.((((..................)))),-2.30,300.943,X1
.((((..................)))),-2.30,109.329,X1
.((((..................)))),-2.30,115.528,X1
.((((..................)))),-2.30,26.857,X1
.((((..................)))),-2.30,180.475,X1
.((((..................)))),-2.30,120.819,X1
.((((..................)))),-2.30,239.946,X1
.((((..................)))),-2.30,0.614,X1
.((((..................)))),-2.30,370.727,X1
.((((..................)))),-2.30,79.501,X1
.((((..................)))),-2.30,201.189,X1
.((((..................)))),-2.30,78.849,X1
.((((..................)))),-2.30,223.712,X1
.((((..................)))),-2.30,168.300,X1
.((((..................)))),-2.30,16.856,X1
.((((..................)))),-2.30,332.495,X1
.((((..................)))),-2.30,181.919,X1
.((((..................)))),-2.30,17.206,X1
.((((..................)))),-2.30,223.473,X1
.((((..................)))),-2.30,114.787,X1
.((((..................)))),-2.30,575.279,X1
.((((..................)))),-2.30,160.389,X1
.((((..................)))),-2.30,95.305,X1
.((((..................)))),-2.30,338.987,X1
.((((..................)))),-2.30,19.224,X1
.((((..................)))),-2.30,24.079,X1
.((((..................)))),-2.30,10.155,X1
.((((..................)))),-2.30,334.549,X1
.((((..................)))),-2.30,54.391,X1
.((((..................)))),-2.30,203.874,X1
.((((..................)))),-2.30,17.997,X1
.((((..................)))),-2.30,191.029,X1
.((((..................)))),-2.30,246.296,X1
.((((..................)))),-2.30,166.362,X1
.((((..................)))),-2.30,69.053,X1
.((((..................)))),-2.30,102.361,X1
.((((..................)))),-2.30,444.638,X1
.((((..................)))),-2.30,34.712,X1
.((((..................)))),-2.30,132.700,X1
.((((..................)))),-2.30,20.159,X1
.((((..................)))),-2.30,97.326,X1
.((((..................)))),-2.30,60.219,X1
.((((..................)))),-2.30,503.080,X1
.((((..................)))),-2.30,318.149,X1
.((((..................)))),-2.30,12.620,X1
.((((..................)))),-2.30,263.737,X1
.((((..................)))),-2.30,443.453,X1
.((((..................)))),-2.30,12.658,X1
.((((..................)))),-2.30,134.675,X1
.((((..................)))),-2.30,17.091,X1
.((((..................)))),-2.30,393.507,X1
.((((..................)))),-2.30,80.233,X1
.((((..................)))),-2.30,258.029,X1
.((((..................)))),-2.30,349.126,X1
.((((..................)))),-2.30,332.880,X1
.((((..................)))),-2.30,190.352,X1
.((((..................)))),-2.30,106.965,X1
.((((..................)))),-2.30,16.022,X1
.((((..................)))),-2.30,34.243,X1
.((((..................)))),-2.30,64.804,X1
.((((..................)))),-2.30,12.589,X1
.((((..................)))),-2.30,22.911,X1
.((((..................)))),-2.30,10.445,X1
.((((..................)))),-2.30,115.669,X1
.((((..................)))),-2.30,367.403,X1
.((((..................)))),-2.30,7.101,X1
.((((..................)))),-2.30,94.791,X1
.((((..................)))),-2.30,293.832,X1
.((((..................)))),-2.30,371.107,X1
.((((..................)))),-2.30,212.254,X1
.((((..................)))),-2.30,107.989,X1
.((((..................)))),-2.30,182.307,X1
.((((..................)))),-2.30,94.572,X1
.((((..................)))),-2.30,60.640,X1
.((((..................)))),-2.30,68.199,X1
.((((..................)))),-2.30,146.165,X1
.((((..................)))),-2.30,569.202,X1
.((((..................)))),-2.30,59.871,X1
.((((..................)))),-2.30,84.112,X1
.((((..................)))),-2.30,91.275,X1
.((((..................)))),-2.30,77.788,X1
.((((..................)))),-2.30,62.963,X1
.((((..................)))),-2.30,126.959,X1
.((((..................)))),-2.30,89.271,X1
.((((..................)))),-2.30,84.218,X1
.((((..................)))),-2.30,439.979,X1
.((((..................)))),-2.30,252.352,X1
.((((..................)))),-2.30,280.650,X1
.((((..................)))),-2.30,117.833,X1
.((((..................)))),-2.30,234.686,X1
.((((..................)))),-2.30,49.312,X1
.((((..................)))),-2.30,384.447,X1
.((((..................)))),-2.30,72.914,X1
.((((..................)))),-2.30,71.085,X1
.((((..................)))),-2.30,195.154,X1
.((((..................)))),-2.30,12.737,X1
.((((..................)))),-2.30,32.001,X1
.((((..................)))),-2.30,32.221,X1
.((((..................)))),-2.30,357.412,X1
.((((..................)))),-2.30,196.883,X1
.((((..................)))),-2.30,113.739,X1
.((((..................)))),-2.30,93.067,X1
.((((..................)))),-2.30,18.439,X1
.((((..................)))),-2.30,17.548,X1
.((((..................)))),-2.30,71.276,X1
.((((..................)))),-2.30,165.378,X1
.((((..................)))),-2.30,51.396,X1
.((((..................)))),-2.30,207.512,X1
.((((..................)))),-2.30,223.287,X1
.((((..................)))),-2.30,281.713,X1
.((((..................)))),-2.30,98.819,X1
.((((..................)))),-2.30,130.937,X1
.((((..................)))),-2.30,164.583,X1
.((((..................)))),-2.30,332.930,X1
.((((..................)))),-2.30,253.011,X1
.((((..................)))),-2.30,151.991,X1
.((((..................)))),-2.30,53.672,X1
.((((..................)))),-2.30,48.893,X1
.((((..................)))),-2.30,94.951,X1
.((((..................)))),-2.30,140.623,X1
.((((..................)))),-2.30,377.396,X1
.((((..................)))),-2.30,416.680,X1
.((((..................)))),-2.30,208.209,X1
.((((..................)))),-2.30,11.104,X1
.((((..................)))),-2.30,42.081,X1
.((((..................)))),-2.30,52.251,X1
.((((..................)))),-2.30,162.466,X1
.((((..................)))),-2.30,19.386,X1
.((((..................)))),-2.30,5.474,X1
.((((..................)))),-2.30,341.129,X1
.((((..................)))),-2.30,378.111,X1
.((((..................)))),-2.30,164.135,X1
.((((..................)))),-2.30,285.624,X1
.((((..................)))),-2.30,151.540,X1
.((((..................)))),-2.30,168.789,X1
.((((..................)))),-2.30,55.661,X1
.((((..................)))),-2.30,140.342,X1
.((((..................)))),-2.30,62.816,X1
.((((..................)))),-2.30,445.162,X1
.((((..................)))),-2.30,12.315,X1
.((((..................)))),-2.30,37.182,X1
.((((..................)))),-2.30,15.559,X1
.((((..................)))),-2.30,217.946,X1
.((((..................)))),-2.30,423.910,X1
.((((..................)))),-2.30,146.420,X1
.((((..................)))),-2.30,18.047,X1
.((((..................)))),-2.30,181.767,X1
.((((..................)))),-2.30,18.317,X1
.((((..................)))),-2.30,217.685,X1
.((((..................)))),-2.30,358.963,X1
.((((..................)))),-2.30,40.980,X1
.((((..................)))),-2.30,334.270,X1
.((((..................)))),-2.30,376.274,X1
.((((..................)))),-2.30,0.446,X1
.((((..................)))),-2.30,291.647,X1
.((((..................)))),-2.30,16.342,X1
.((((..................)))),-2.30,107.723,X1
.((((..................)))),-2.30,312.125,X1
.((((..................)))),-2.30,222.168,X1
.((((..................)))),-2.30,97.248,X1
.((((..................)))),-2.30,88.772,X1
.((((..................)))),-2.30,54.703,X1
.((((..................)))),-2.30,312.113,X1
.((((..................)))),-2.30,6.693,X1
.((((..................)))),-2.30,45.761,X1
.((((..................)))),-2.30,158.484,X1
.((((..................)))),-2.30,158.497,X1
.((((..................)))),-2.30,11.799,X1
.((((..................)))),-2.30,196.001,X1
.((((..................)))),-2.30,350.146,X1
.((((..................)))),-2.30,98.212,X1
.((((..................)))),-2.30,140.913,X1
.((((..................)))),-2.30,3.074,X1
.((((..................)))),-2.30,209.877,X1
.((((..................)))),-2.30,141.744,X1
.((((..................)))),-2.30,40.517,X1
.((((..................)))),-2.30,151.464,X1
.((((..................)))),-2.30,222.793,X1
.((((..................)))),-2.30,141.044,X1
.((((..................)))),-2.30,314.798,X1
.((((..................)))),-2.30,152.937,X1
.((((..................)))),-2.30,152.090,X1
.((((..................)))),-2.30,360.104,X1
.((((..................)))),-2.30,23.773,X1
.((((..................)))),-2.30,154.063,X1
.((((..................)))),-2.30,60.472,X1
.((((..................)))),-2.30,81.070,X1
.((((..................)))),-2.30,186.814,X1
.((((..................)))),-2.30,17.374,X1
.((((..................)))),-2.30,29.292,X1
.((((..................)))),-2.30,131.531,X1
.((((..................)))),-2.30,147.992,X1
.((((..................)))),-2.30,37.165,X1
.((((..................)))),-2.30,28.667,X1
.((((..................)))),-2.30,467.012,X1
.((((..................)))),-2.30,226.063,X1
.((((..................)))),-2.30,71.475,X1
.((((..................)))),-2.30,161.797,X1
.((((..................)))),-2.30,25.418,X1
.((((..................)))),-2.30,27.840,X1
.((((..................)))),-2.30,131.542,X1
.((((..................)))),-2.30,521.380,X1
.((((..................)))),-2.30,5.622,X1
.((((..................)))),-2.30,130.363,X1
.((((..................)))),-2.30,70.669,X1
.((((..................)))),-2.30,27.476,X1
.((((..................)))),-2.30,10.180,X1
.((((..................)))),-2.30,65.707,X1
.((((..................)))),-2.30,127.207,X1
.((((..................)))),-2.30,64.496,X1
.((((..................)))),-2.30,6.996,X1
.((((..................)))),-2.30,149.138,X1
.((((..................)))),-2.30,145.274,X1
.((((..................)))),-2.30,31.502,X1
.((((..................)))),-2.30,176.311,X1
.((((..................)))),-2.30,51.477,X1
.((((..................)))),-2.30,125.101,X1
.((((..................)))),-2.30,74.423,X1
.((((..................)))),-2.30,181.446,X1
.((((..................)))),-2.30,166.518,X1
.((((..................)))),-2.30,166.130,X1
.((((..................)))),-2.30,11.956,X1
.((((..................)))),-2.30,144.612,X1
.((((..................)))),-2.30,429.762,X1
.((((..................)))),-2.30,29.526,X1
.((((..................)))),-2.30,234.456,X1
.((((..................)))),-2.30,12.942,X1
.((((..................)))),-2.30,86.475,X1
.((((..................)))),-2.30,186.361,X1
.((((..................)))),-2.30,45.396,X1
.((((..................)))),-2.30,315.501,X1
.((((..................)))),-2.30,53.842,X1
.((((..................)))),-2.30,150.224,X1
.((((..................)))),-2.30,0.380,X1
.((((..................)))),-2.30,34.205,X1
.((((..................)))),-2.30,9.681,X1
.((((..................)))),-2.30,148.577,X1
.((((..................)))),-2.30,101.684,X1
.((((..................)))),-2.30,161.936,X1
.((((..................)))),-2.30,50.234,X1
.((((..................)))),-2.30,55.859,X1
.((((..................)))),-2.30,133.658,X1
.((((..................)))),-2.30,248.866,X1
.((((..................)))),-2.30,146.888,X1
.((((..................)))),-2.30,516.489,X1
.((((..................)))),-2.30,13.952,X1
.((((..................)))),-2.30,72.927,X1
.((((..................)))),-2.30,51.374,X1
.((((..................)))),-2.30,2.468,X1
.((((..................)))),-2.30,794.781,X1
.((((..................)))),-2.30,148.040,X1
.((((..................)))),-2.30,52.608,X1
.((((..................)))),-2.30,228.713,X1
.((((..................)))),-2.30,12.962,X1
.((((..................)))),-2.30,128.156,X1
.((((..................)))),-2.30,93.252,X1
.((((..................)))),-2.30,68.858,X1
.((((..................)))),-2.30,90.794,X1
.((((..................)))),-2.30,42.533,X1
.((((..................)))),-2.30,13.794,X1
.((((..................)))),-2.30,216.194,X1
.((((..................)))),-2.30,80.476,X1
.((((..................)))),-2.30,45.802,X1
.((((..................)))),-2.30,112.982,X1
.((((..................)))),-2.30,170.311,X1
.((((..................)))),-2.30,22.863,X1
.((((..................)))),-2.30,172.040,X1
.((((..................)))),-2.30,118.153,X1
.((((..................)))),-2.30,44.155,X1
.((((..................)))),-2.30,111.191,X1
.((((..................)))),-2.30,65.095,X1
.((((..................)))),-2.30,57.414,X1
.((((..................)))),-2.30,181.838,X1
.((((..................)))),-2.30,481.287,X1
.((((..................)))),-2.30,43.218,X1
.((((..................)))),-2.30,26.935,X1
.((((..................)))),-2.30,163.335,X1
.((((..................)))),-2.30,59.361,X1
.((((..................)))),-2.30,65.715,X1
.((((..................)))),-2.30,131.668,X1
.((((..................)))),-2.30,60.205,X1
.((((..................)))),-2.30,81.326,X1
.((((..................)))),-2.30,70.910,X1
.((((..................)))),-2.30,117.294,X1
.((((..................)))),-2.30,179.598,X1
.((((..................)))),-2.30,89.834,X1
.((((..................)))),-2.30,3.735,X1
.((((..................)))),-2.30,116.657,X1
.((((..................)))),-2.30,16.064,X1
.((((..................)))),-2.30,6.758,X1
.((((..................)))),-2.30,134.920,X1
.((((..................)))),-2.30,142.119,X1
.((((..................)))),-2.30,30.273,X1
.((((..................)))),-2.30,306.888,X1
.((((..................)))),-2.30,31.217,X1
.((((..................)))),-2.30,11.294,X1
.((((..................)))),-2.30,501.466,X1
.((((..................)))),-2.30,220.997,X1
.((((..................)))),-2.30,245.687,X1
.((((..................)))),-2.30,23.075,X1
.((((..................)))),-2.30,22.864,X1
.((((..................)))),-2.30,345.409,X1
.((((..................)))),-2.30,144.785,X1
.((((..................)))),-2.30,109.151,X1
.((((..................)))),-2.30,232.883,X1
.((((..................)))),-2.30,130.652,X1
.((((..................)))),-2.30,26.333,X1
.((((..................)))),-2.30,78.526,X1
.((((..................)))),-2.30,147.165,X1
.((((..................)))),-2.30,183.380,X1
.((((..................)))),-2.30,125.355,X1
.((((..................)))),-2.30,136.304,X1
.((((..................)))),-2.30,17.210,X1
.((((..................)))),-2.30,84.133,X1
.((((..................)))),-2.30,120.825,X1
.((((..................)))),-2.30,138.875,X1
.((((..................)))),-2.30,7.020,X1
.((((..................)))),-2.30,643.306,X1
.((((..................)))),-2.30,128.421,X1
.((((..................)))),-2.30,133.874,X1
.((((..................)))),-2.30,21.272,X1
.((((..................)))),-2.30,151.798,X1
.((((..................)))),-2.30,3.642,X1
.((((..................)))),-2.30,327.456,X1
.((((..................)))),-2.30,11.144,X1
.((((..................)))),-2.30,29.630,X1
.((((..................)))),-2.30,40.147,X1
.((((..................)))),-2.30,107.837,X1
.((((..................)))),-2.30,208.717,X1
.((((..................)))),-2.30,311.810,X1
.((((..................)))),-2.30,230.699,X1
.((((..................)))),-2.30,92.017,X1
.((((..................)))),-2.30,69.611,X1
.((((..................)))),-2.30,242.993,X1
.((((..................)))),-2.30,259.587,X1
.((((..................)))),-2.30,82.272,X1
.((((..................)))),-2.30,113.830,X1
.((((..................)))),-2.30,62.867,X1
.((((..................)))),-2.30,167.290,X1
.((((..................)))),-2.30,21.617,X1
.((((..................)))),-2.30,38.384,X1
.((((..................)))),-2.30,329.249,X1
.((((..................)))),-2.30,251.469,X1
.((((..................)))),-2.30,314.211,X1
.((((..................)))),-2.30,34.410,X1
.((((..................)))),-2.30,80.322,X1
.((((..................)))),-2.30,359.523,X1
.((((..................)))),-2.30,19.546,X1
.((((..................)))),-2.30,27.626,X1
.((((..................)))),-2.30,40.228,X1
.((((..................)))),-2.30,162.830,X1
.((((..................)))),-2.30,496.875,X1
.((((..................)))),-2.30,16.859,X1
.((((..................)))),-2.30,29.032,X1
.((((..................)))),-2.30,211.730,X1
.((((..................)))),-2.30,57.631,X1
.((((..................)))),-2.30,136.851,X1
.((((..................)))),-2.30,56.191,X1
.((((..................)))),-2.30,318.765,X1
.((((..................)))),-2.30,8.301,X1
.((((..................)))),-2.30,4.159,X1
.((((..................)))),-2.30,141.437,X1
.((((..................)))),-2.30,92.072,X1
.((((..................)))),-2.30,260.682,X1
.((((..................)))),-2.30,38.373,X1
.((((..................)))),-2.30,70.835,X1
.((((..................)))),-2.30,27.454,X1
.((((..................)))),-2.30,93.237,X1
.((((..................)))),-2.30,325.469,X1
.((((..................)))),-2.30,85.110,X1
.((((..................)))),-2.30,20.801,X1
.((((..................)))),-2.30,21.865,X1
.((((..................)))),-2.30,470.723,X1
.((((..................)))),-2.30,365.136,X1
.((((..................)))),-2.30,187.422,X1
.((((..................)))),-2.30,46.458,X1
.((((..................)))),-2.30,9.298,X1
.((((..................)))),-2.30,16.621,X1
.((((..................)))),-2.30,84.795,X1
.((((..................)))),-2.30,84.533,X1
.((((..................)))),-2.30,102.003,X1
.((((..................)))),-2.30,157.328,X1
.((((..................)))),-2.30,259.006,X1
.((((..................)))),-2.30,10.560,X1
.((((..................)))),-2.30,217.547,X1
.((((..................)))),-2.30,98.186,X1
.((((..................)))),-2.30,29.730,X1
.((((..................)))),-2.30,8.558,X1
.((((..................)))),-2.30,192.047,X1
.((((..................)))),-2.30,256.052,X1
.((((..................)))),-2.30,358.947,X1
.((((..................)))),-2.30,89.164,X1
.((((..................)))),-2.30,149.557,X1
.((((..................)))),-2.30,68.044,X1
.((((..................)))),-2.30,145.466,X1
.((((..................)))),-2.30,30.840,X1
.((((..................)))),-2.30,40.136,X1
.((((..................)))),-2.30,80.128,X1
.((((..................)))),-2.30,537.216,X1
.((((..................)))),-2.30,24.933,X1
.((((..................)))),-2.30,303.989,X1
.((((..................)))),-2.30,316.011,X1
.((((..................)))),-2.30,123.347,X1
.((((..................)))),-2.30,51.486,X1
.((((..................)))),-2.30,34.843,X1
.((((..................)))),-2.30,231.090,X1
.((((..................)))),-2.30,143.768,X1
.((((..................)))),-2.30,131.492,X1
.((((..................)))),-2.30,43.474,X1
.((((..................)))),-2.30,80.536,X1
.((((..................)))),-2.30,20.689,X1
.((((..................)))),-2.30,17.422,X1
.((((..................)))),-2.30,45.083,X1
.((((..................)))),-2.30,26.390,X1
.((((..................)))),-2.30,21.667,X1
.((((..................)))),-2.30,6.118,X1
.((((..................)))),-2.30,183.121,X1
.((((..................)))),-2.30,4.868,X1
.((((..................)))),-2.30,3.394,X1
.((((..................)))),-2.30,27.156,X1
.((((..................)))),-2.30,77.984,X1
.((((..................)))),-2.30,50.277,X1
.((((..................)))),-2.30,5.676,X1
.((((..................)))),-2.30,256.715,X1
.((((..................)))),-2.30,168.781,X1
.((((..................)))),-2.30,19.198,X1
.((((..................)))),-2.30,189.883,X1
.((((..................)))),-2.30,53.367,X1
.((((..................)))),-2.30,8.219,X1
.((((..................)))),-2.30,183.166,X1
.((((..................)))),-2.30,188.942,X1
.((((..................)))),-2.30,115.333,X1
.((((..................)))),-2.30,68.657,X1
.((((..................)))),-2.30,24.822,X1
.((((..................)))),-2.30,14.835,X1
.((((..................)))),-2.30,57.654,X1
.((((..................)))),-2.30,194.394,X1
.((((..................)))),-2.30,9.149,X1
.((((..................)))),-2.30,87.474,X1
.((((..................)))),-2.30,9.979,X1
.((((..................)))),-2.30,200.790,X1
.((((..................)))),-2.30,324.556,X1
.((((..................)))),-2.30,75.609,X1
.((((..................)))),-2.30,5.469,X1
.((((..................)))),-2.30,22.928,X1
.((((..................)))),-2.30,296.261,X1
.((((..................)))),-2.30,173.509,X1
.((((..................)))),-2.30,363.720,X1
.((((..................)))),-2.30,8.936,X1
.((((..................)))),-2.30,392.597,X1
.((((..................)))),-2.30,20.786,X1
.((((..................)))),-2.30,54.572,X1
.((((..................)))),-2.30,238.859,X1
.((((..................)))),-2.30,12.476,X1
.((((..................)))),-2.30,52.841,X1
.((((..................)))),-2.30,490.589,X1
.((((..................)))),-2.30,80.241,X1
.((((..................)))),-2.30,61.243,X1
.((((..................)))),-2.30,140.869,X1
.((((..................)))),-2.30,34.697,X1
.((((..................)))),-2.30,36.057,X1
.((((..................)))),-2.30,96.473,X1
.((((..................)))),-2.30,145.895,X1
.((((..................)))),-2.30,13.926,X1
.((((..................)))),-2.30,49.130,X1
.((((..................)))),-2.30,336.707,X1
.((((..................)))),-2.30,8.399,X1
.((((..................)))),-2.30,73.355,X1
.((((..................)))),-2.30,60.340,X1
.((((..................)))),-2.30,39.969,X1
.((((..................)))),-2.30,89.372,X1
.((((..................)))),-2.30,33.908,X1
.((((..................)))),-2.30,78.588,X1
.((((..................)))),-2.30,91.503,X1
.((((..................)))),-2.30,206.678,X1
.((((..................)))),-2.30,19.744,X1
.((((..................)))),-2.30,177.818,X1
.((((..................)))),-2.30,206.539,X1
.((((..................)))),-2.30,43.698,X1
.((((..................)))),-2.30,154.219,X1
.((((..................)))),-2.30,35.604,X1
.((((..................)))),-2.30,223.436,X1
.((((..................)))),-2.30,87.050,X1
.((((..................)))),-2.30,627.390,X1
.((((..................)))),-2.30,10.245,X1
.((((..................)))),-2.30,539.572,X1
.((((..................)))),-2.30,95.756,X1
.((((..................)))),-2.30,159.379,X1
.((((..................)))),-2.30,90.339,X1
.((((..................)))),-2.30,56.018,X1
.((((..................)))),-2.30,29.649,X1
.((((..................)))),-2.30,564.507,X1
.((((..................)))),-2.30,84.843,X1
.((((..................)))),-2.30,46.022,X1
.((((..................)))),-2.30,60.643,X1
.((((..................)))),-2.30,7.728,X1
.((((..................)))),-2.30,232.778,X1
.((((..................)))),-2.30,11.216,X1
.((((..................)))),-2.30,297.149,X1
.((((..................)))),-2.30,154.758,X1
.((((..................)))),-2.30,66.579,X1
.((((..................)))),-2.30,177.229,X1
.((((..................)))),-2.30,131.402,X1
.((((..................)))),-2.30,112.961,X1
.((((..................)))),-2.30,5.087,X1
.((((..................)))),-2.30,129.710,X1
.((((..................)))),-2.30,105.792,X1
.((((..................)))),-2.30,241.371,X1
.((((..................)))),-2.30,8.659,X1
.((((..................)))),-2.30,418.867,X1
.((((..................)))),-2.30,209.191,X1
.((((..................)))),-2.30,100.556,X1
.((((..................)))),-2.30,71.634,X1
.((((..................)))),-2.30,77.080,X1
.((((..................)))),-2.30,113.376,X1
.((((..................)))),-2.30,258.331,X1
.((((..................)))),-2.30,151.877,X1
.((((..................)))),-2.30,3.702,X1
.((((..................)))),-2.30,58.042,X1
.((((..................)))),-2.30,13.334,X1
.((((..................)))),-2.30,13.678,X1
.((((..................)))),-2.30,197.325,X1
.((((..................)))),-2.30,67.952,X1
.((((..................)))),-2.30,180.680,X1
.((((..................)))),-2.30,15.653,X1
.((((..................)))),-2.30,325.297,X1
.((((..................)))),-2.30,194.830,X1
.((((..................)))),-2.30,110.350,X1
.((((..................)))),-2.30,313.094,X1
.((((..................)))),-2.30,39.982,X1
.((((..................)))),-2.30,11.214,X1
.((((..................)))),-2.30,29.562,X1
.((((..................)))),-2.30,86.607,X1
.((((..................)))),-2.30,64.377,X1
.((((..................)))),-2.30,113.225,X1
.((((..................)))),-2.30,4.233,X1
.((((..................)))),-2.30,112.009,X1
.((((..................)))),-2.30,4.069,X1
.((((..................)))),-2.30,41.479,X1
.((((..................)))),-2.30,53.541,X1
.((((..................)))),-2.30,223.327,X1
.((((..................)))),-2.30,42.056,X1
.((((..................)))),-2.30,273.094,X1
.((((..................)))),-2.30,62.030,X1
.((((..................)))),-2.30,40.485,X1
.((((..................)))),-2.30,89.174,X1
.((((..................)))),-2.30,61.282,X1
.((((..................)))),-2.30,214.992,X1
.((((..................)))),-2.30,159.805,X1
.((((..................)))),-2.30,244.680,X1
.((((..................)))),-2.30,59.598,X1
.((((..................)))),-2.30,32.834,X1
.((((..................)))),-2.30,337.593,X1
.((((..................)))),-2.30,3.291,X1
.((((..................)))),-2.30,153.482,X1
.((((..................)))),-2.30,18.525,X1
.((((..................)))),-2.30,390.636,X1
.((((..................)))),-2.30,116.789,X1
.((((..................)))),-2.30,54.566,X1
.((((..................)))),-2.30,93.211,X1
.((((..................)))),-2.30,46.936,X1
.((((..................)))),-2.30,186.865,X1
.((((..................)))),-2.30,2.879,X1
.((((..................)))),-2.30,224.079,X1
.((((..................)))),-2.30,61.320,X1
.((((..................)))),-2.30,77.571,X1
.((((..................)))),-2.30,52.297,X1
.((((..................)))),-2.30,282.811,X1
.((((..................)))),-2.30,86.427,X1
.((((..................)))),-2.30,42.762,X1
.((((..................)))),-2.30,9.698,X1
.((((..................)))),-2.30,260.185,X1
.((((..................)))),-2.30,160.681,X1
.((((..................)))),-2.30,108.549,X1
.((((..................)))),-2.30,373.365,X1
.((((..................)))),-2.30,31.857,X1
.((((..................)))),-2.30,68.717,X1
.((((..................)))),-2.30,262.437,X1
.((((..................)))),-2.30,22.832,X1
.((((..................)))),-2.30,27.848,X1
.((((..................)))),-2.30,14.350,X1
.((((..................)))),-2.30,293.375,X1
.((((..................)))),-2.30,6.642,X1
.((((..................)))),-2.30,281.132,X1
.((((..................)))),-2.30,21.000,X1
.((((..................)))),-2.30,297.448,X1
.((((..................)))),-2.30,10.591,X1
.((((..................)))),-2.30,19.944,X1
.((((..................)))),-2.30,112.454,X1
.((((..................)))),-2.30,17.044,X1
.((((..................)))),-2.30,308.802,X1
.((((..................)))),-2.30,9.099,X1
.((((..................)))),-2.30,378.130,X1
.((((..................)))),-2.30,24.678,X1
.((((..................)))),-2.30,11.623,X1
.((((..................)))),-2.30,78.745,X1
.((((..................)))),-2.30,232.855,X1
.((((..................)))),-2.30,754.566,X1
.((((..................)))),-2.30,96.313,X1
.((((..................)))),-2.30,92.825,X1
.((((..................)))),-2.30,65.861,X1
.((((..................)))),-2.30,129.732,X1
.((((..................)))),-2.30,155.858,X1
.((((..................)))),-2.30,33.109,X1
.((((..................)))),-2.30,60.927,X1
.((((..................)))),-2.30,20.388,X1
.((((..................)))),-2.30,278.655,X1
.((((..................)))),-2.30,300.037,X1
.((((..................)))),-2.30,60.869,X1
.((((..................)))),-2.30,0.733,X1
.((((..................)))),-2.30,101.668,X1
.((((..................)))),-2.30,15.443,X1
.((((..................)))),-2.30,96.632,X1
.((((..................)))),-2.30,270.379,X1
.((((..................)))),-2.30,148.604,X1
.((((..................)))),-2.30,89.689,X1
.((((..................)))),-2.30,935.823,X1
.((((..................)))),-2.30,211.316,X1
.((((..................)))),-2.30,253.917,X1
.((((..................)))),-2.30,44.765,X1
.((((..................)))),-2.30,30.059,X1
.((((..................)))),-2.30,125.882,X1
.((((..................)))),-2.30,23.258,X1
.((((..................)))),-2.30,58.547,X1
.((((..................)))),-2.30,55.705,X1
.((((..................)))),-2.30,83.511,X1
.((((..................)))),-2.30,233.419,X1
.((((..................)))),-2.30,165.679,X1
.((((..................)))),-2.30,420.630,X1
.((((..................)))),-2.30,68.188,X1
.((((..................)))),-2.30,155.110,X1
.((((..................)))),-2.30,2.687,X1
.((((..................)))),-2.30,275.535,X1
.((((..................)))),-2.30,167.494,X1
.((((..................)))),-2.30,97.035,X1
.((((..................)))),-2.30,313.405,X1
.((((..................)))),-2.30,222.843,X1
.((((..................)))),-2.30,84.213,X1
.((((..................)))),-2.30,136.095,X1
.((((..................)))),-2.30,161.589,X1
.((((..................)))),-2.30,196.891,X1
.((((..................)))),-2.30,172.995,X1
.((((..................)))),-2.30,309.316,X1
.((((..................)))),-2.30,210.243,X1
